Playerid,Datum,Verein,Name,Position,Punkte,Punkte pro Spiel,Passquote,Zweikampf,Marktwert
30755,27/12/2022,FC Bayern München,Neuer,Torwart,43,"3,58",87%,83%,1240000
33671,27/12/2022,FC Bayern München,Schenk,Torwart,0,-,-,-,250000
31216,27/12/2022,FC Bayern München,Ulreich,Torwart,8,"2,67",81%,67%,2320000
33021,27/12/2022,FC Bayern München,Davies,Abwehr,35,"2,92",89%,55%,6940000
33660,27/12/2022,FC Bayern München,de Ligt,Abwehr,44,"3,67",92%,54%,7310000
33605,27/12/2022,FC Bayern München,Mazraoui,Abwehr,29,"2,64",88%,57%,5030000
33386,27/12/2022,FC Bayern München,Stanišić,Abwehr,7,"1,17",92%,58%,870000
33349,27/12/2022,FC Bayern München,Sarr,Abwehr,0,-,-,-,200000
33074,27/12/2022,FC Bayern München,Lucas Hernández,Abwehr,18,"2,57",91%,63%,2460000
32742,27/12/2022,FC Bayern München,Pavard,Abwehr,71,"5,46",89%,66%,6680000
32720,27/12/2022,FC Bayern München,Upamecano,Abwehr,54,"3,60",91%,59%,7480000
33547,27/12/2022,FC Bayern München,Wanner,Mittelfeld,3,"3,00",71%,67%,440000
32590,27/12/2022,FC Bayern München,Sabitzer,Mittelfeld,44,"3,14",88%,55%,2980000
33236,27/12/2022,FC Bayern München,Musiala,Mittelfeld,96,"6,86",85%,45%,18900000
32187,27/12/2022,FC Bayern München,Goretzka,Mittelfeld,51,"4,64",83%,58%,11050000
32445,27/12/2022,FC Bayern München,Kimmich,Mittelfeld,115,"7,67",89%,53%,16940000
33626,27/12/2022,FC Bayern München,Gravenberch,Mittelfeld,11,"1,10",88%,45%,1970000
33662,27/12/2022,FC Bayern München,Tel,Sturm,27,"3,86",85%,43%,4130000
33633,27/12/2022,FC Bayern München,Mané,Sturm,63,"4,50",75%,48%,13480000
32272,27/12/2022,FC Bayern München,L. Sané,Sturm,69,"5,31",84%,51%,13630000
32696,27/12/2022,FC Bayern München,Gnabry,Sturm,93,"6,20",83%,39%,14890000
32518,27/12/2022,FC Bayern München,Coman,Sturm,27,"3,00",86%,45%,8950000
31165,27/12/2022,FC Bayern München,Choupo-Moting,Sturm,66,"6,60",76%,55%,15330000
31362,27/12/2022,FC Bayern München,T. Müller,Sturm,44,"5,50",79%,50%,12130000
32638,27/12/2022,Borussia Dortmund,Kobel,Torwart,42,"3,82",81%,100%,3360000
32841,27/12/2022,Borussia Dortmund,A. Meyer,Torwart,5,"1,25",88%,50%,230000
33036,27/12/2022,Borussia Dortmund,Unbehaun,Torwart,0,-,-,-,410000
33396,27/12/2022,Borussia Dortmund,Lotka,Torwart,0,-,-,-,180000
33038,27/12/2022,Borussia Dortmund,N. Schlotterbeck,Abwehr,70,"4,67",87%,68%,7060000
33137,27/12/2022,Borussia Dortmund,Mateu Morey,Abwehr,0,-,-,-,1170000
33259,27/12/2022,Borussia Dortmund,Meunier,Abwehr,23,"2,88",72%,52%,2190000
33432,27/12/2022,Borussia Dortmund,S. Coulibaly,Abwehr,0,-,-,-,180000
33509,27/12/2022,Borussia Dortmund,A. Papadopoulos,Abwehr,2,"2,00",89%,33%,220000
33567,27/12/2022,Borussia Dortmund,Rothe,Abwehr,4,"4,00",100%,100%,230000
31002,27/12/2022,Borussia Dortmund,Hummels,Abwehr,52,"4,00",88%,59%,5580000
32632,27/12/2022,Borussia Dortmund,Raphaël Guerreiro,Abwehr,47,"3,92",86%,59%,6060000
32556,27/12/2022,Borussia Dortmund,Passlack,Abwehr,4,"2,00",73%,80%,240000
31779,27/12/2022,Borussia Dortmund,N. Schulz,Abwehr,0,-,-,-,310000
32122,27/12/2022,Borussia Dortmund,Süle,Abwehr,34,"2,83",89%,56%,3650000
32546,27/12/2022,Borussia Dortmund,M. Wolf,Abwehr,34,"3,40",73%,57%,2040000
33690,27/12/2022,Borussia Dortmund,Pašalić,Mittelfeld,0,"0,00",100%,33%,240000
33608,27/12/2022,Borussia Dortmund,Gürpüz,Mittelfeld,0,-,-,-,430000
32677,27/12/2022,Borussia Dortmund,Özcan,Mittelfeld,22,"1,83",88%,49%,2820000
33497,27/12/2022,Borussia Dortmund,Kamara,Mittelfeld,0,-,-,-,180000
31935,27/12/2022,Borussia Dortmund,Can,Mittelfeld,14,"1,56",89%,56%,1140000
33309,27/12/2022,Borussia Dortmund,Bellingham,Mittelfeld,83,"5,53",83%,60%,13530000
32236,27/12/2022,Borussia Dortmund,Brandt,Mittelfeld,70,"4,67",83%,45%,9450000
32208,27/12/2022,Borussia Dortmund,Dahoud,Mittelfeld,9,"3,00",78%,56%,4660000
33260,27/12/2022,Borussia Dortmund,Moukoko,Sturm,53,"4,08",72%,43%,9940000
33687,27/12/2022,Borussia Dortmund,Njinmah,Sturm,0,"0,00",0%,50%,430000
33575,27/12/2022,Borussia Dortmund,Adeyemi,Sturm,13,"1,18",75%,42%,4640000
33569,27/12/2022,Borussia Dortmund,Bynoe-Gittens,Sturm,2,"0,50",79%,35%,3450000
31454,27/12/2022,Borussia Dortmund,Reus,Sturm,28,"3,11",78%,42%,9910000
33501,27/12/2022,Borussia Dortmund,Malen,Sturm,20,"2,00",78%,42%,4640000
33198,27/12/2022,Borussia Dortmund,Reyna,Sturm,22,"2,20",75%,46%,5610000
32197,27/12/2022,Borussia Dortmund,Modeste,Sturm,33,"2,54",62%,38%,4040000
32769,27/12/2022,Borussia Dortmund,Haller,Sturm,0,-,-,-,9580000
32342,27/12/2022,Borussia Dortmund,Hazard,Sturm,22,"1,69",80%,44%,1920000
32508,27/12/2022,Bayer Leverkusen,Hradecky,Torwart,25,"1,79",70%,100%,2050000
32007,27/12/2022,Bayer Leverkusen,Lomb,Torwart,0,-,-,-,170000
33479,27/12/2022,Bayer Leverkusen,Lunev,Torwart,0,"0,00",76%,-,180000
33366,27/12/2022,Bayer Leverkusen,Fosu-Mensah,Abwehr,8,"1,60",80%,58%,400000
33369,27/12/2022,Bayer Leverkusen,Frimpong,Abwehr,65,"4,33",79%,55%,6450000
33125,27/12/2022,Bayer Leverkusen,Sinkgraven,Abwehr,6,"1,50",71%,47%,370000
33511,27/12/2022,Bayer Leverkusen,Hincapié,Abwehr,31,"2,38",83%,53%,3070000
33481,27/12/2022,Bayer Leverkusen,Bakker,Abwehr,17,"1,31",77%,45%,1160000
32157,27/12/2022,Bayer Leverkusen,Tah,Abwehr,32,"2,13",89%,54%,2700000
33499,27/12/2022,Bayer Leverkusen,Kossounou ,Abwehr,14,"1,40",83%,55%,900000
33207,27/12/2022,Bayer Leverkusen,Tapsoba,Abwehr,35,"2,33",86%,59%,3540000
33449,27/12/2022,Bayer Leverkusen,Azhil,Mittelfeld,0,-,-,-,200000
33483,27/12/2022,Bayer Leverkusen,Sertdemir,Mittelfeld,0,-,-,-,180000
33189,27/12/2022,Bayer Leverkusen,Palacios,Mittelfeld,35,"3,50",85%,57%,4090000
33614,27/12/2022,Bayer Leverkusen,Eze,Mittelfeld,0,-,-,-,240000
32512,27/12/2022,Bayer Leverkusen,Charles Aránguiz,Mittelfeld,25,"2,50",83%,56%,1110000
32395,27/12/2022,Bayer Leverkusen,Amiri,Mittelfeld,21,"1,91",83%,48%,2890000
32155,27/12/2022,Bayer Leverkusen,Demirbay,Mittelfeld,46,"3,29",79%,36%,4670000
32129,27/12/2022,Bayer Leverkusen,Andrich,Mittelfeld,37,"2,85",84%,57%,3410000
33215,27/12/2022,Bayer Leverkusen,Wirtz,Mittelfeld,0,-,-,-,14070000
33556,27/12/2022,Bayer Leverkusen,Azmoun,Sturm,10,"1,25",59%,38%,1700000
33619,27/12/2022,Bayer Leverkusen,Hložek,Sturm,31,"2,38",83%,39%,3100000
33514,27/12/2022,Bayer Leverkusen,Adli,Sturm,11,"1,38",83%,37%,1560000
31764,27/12/2022,Bayer Leverkusen,Bellarabi,Sturm,0,"0,00",62%,50%,1590000
33179,27/12/2022,Bayer Leverkusen,Schick,Sturm,22,"2,00",71%,43%,11000000
33122,27/12/2022,Bayer Leverkusen,Diaby,Sturm,78,"5,20",81%,38%,12360000
33680,27/12/2022,Bayer Leverkusen,Hudson-Odoi,Sturm,18,"2,00",88%,58%,4200000
33663,27/12/2022,RB Leipzig,Nickisch,Torwart,0,-,-,-,170000
32575,27/12/2022,RB Leipzig,Gulácsi,Torwart,15,"2,50",85%,-,830000
32481,27/12/2022,RB Leipzig,Nyland,Torwart,5,"5,00",88%,-,240000
33664,27/12/2022,RB Leipzig,Schlieck,Torwart,0,-,-,-,170000
31827,27/12/2022,RB Leipzig,Blaswich,Torwart,19,"2,38",84%,100%,1740000
33434,27/12/2022,RB Leipzig,Simakan,Abwehr,31,"3,10",85%,50%,3040000
33433,27/12/2022,RB Leipzig,Gvardiol,Abwehr,22,"1,69",90%,60%,5610000
32824,27/12/2022,RB Leipzig,Diallo,Abwehr,24,"4,80",86%,56%,3090000
33436,27/12/2022,RB Leipzig,Raum,Abwehr,29,"2,07",81%,46%,4830000
33679,27/12/2022,RB Leipzig,Ba,Abwehr,0,-,-,-,370000
32581,27/12/2022,RB Leipzig,Klostermann,Abwehr,2,"2,00",75%,71%,2870000
32580,27/12/2022,RB Leipzig,Halstenberg,Abwehr,26,"2,17",85%,56%,2240000
32461,27/12/2022,RB Leipzig,Henrichs,Abwehr,32,"2,29",73%,61%,1860000
31846,27/12/2022,RB Leipzig,Orbán,Abwehr,82,"5,47",89%,62%,8000000
33540,27/12/2022,RB Leipzig,Clark,Mittelfeld,0,-,-,-,250000
33363,27/12/2022,RB Leipzig,Szoboszlai,Mittelfeld,63,"4,85",83%,47%,11570000
33200,27/12/2022,RB Leipzig,Dani Olmo,Mittelfeld,35,"3,50",80%,45%,9810000
31612,27/12/2022,RB Leipzig,Kampl,Mittelfeld,28,"2,00",91%,45%,1580000
32589,27/12/2022,RB Leipzig,Forsberg,Mittelfeld,29,"2,42",86%,46%,3840000
32800,27/12/2022,RB Leipzig,Laimer,Mittelfeld,7,"1,75",77%,50%,5150000
33023,27/12/2022,RB Leipzig,Haidara,Mittelfeld,16,"1,33",83%,30%,1530000
33133,27/12/2022,RB Leipzig,Schlager,Mittelfeld,26,"2,36",87%,46%,3650000
33151,27/12/2022,RB Leipzig,Nkunku,Sturm,102,"6,80",82%,43%,15960000
32591,27/12/2022,RB Leipzig,Y. Poulsen,Sturm,7,"1,17",42%,55%,1860000
33330,27/12/2022,RB Leipzig,Hugo Novoa,Sturm,11,"1,83",73%,41%,740000
32211,27/12/2022,RB Leipzig,Werner,Sturm,34,"3,78",75%,31%,11550000
33180,27/12/2022,RB Leipzig,André Silva,Sturm,40,"2,86",74%,41%,7120000
33257,27/12/2022,FC Union Berlin,L. Grill,Torwart,-5,"-1,25",66%,67%,250000
33091,27/12/2022,FC Union Berlin,Busk,Torwart,0,-,-,-,160000
32921,27/12/2022,FC Union Berlin,Rönnow,Torwart,42,"3,82",67%,75%,2750000
32883,27/12/2022,FC Union Berlin,Jaeckel,Abwehr,19,"1,90",80%,42%,540000
33141,27/12/2022,FC Union Berlin,Ryerson,Abwehr,34,"2,62",73%,49%,1970000
32340,27/12/2022,FC Union Berlin,Baumgartl,Abwehr,5,"1,25",83%,62%,860000
31864,27/12/2022,FC Union Berlin,Knoche,Abwehr,38,"2,71",81%,60%,2980000
33442,27/12/2022,FC Union Berlin,Puchacz,Abwehr,1,"1,00",73%,33%,350000
33609,27/12/2022,FC Union Berlin,Doekhi,Abwehr,26,"4,33",81%,61%,1860000
33659,27/12/2022,FC Union Berlin,Diogo Leite,Abwehr,26,"2,00",80%,57%,2130000
32057,27/12/2022,FC Union Berlin,Gießelmann,Abwehr,28,"2,55",75%,45%,1290000
33096,27/12/2022,FC Union Berlin,Trimmel,Abwehr,32,"2,46",64%,47%,1740000
33470,27/12/2022,FC Union Berlin,F. Schneider,Mittelfeld,0,-,-,-,200000
33550,27/12/2022,FC Union Berlin,Schäfer,Mittelfeld,14,"1,27",76%,46%,920000
33131,27/12/2022,FC Union Berlin,Dehl,Mittelfeld,0,-,-,-,230000
32924,27/12/2022,FC Union Berlin,Möhwald,Mittelfeld,0,-,-,-,300000
32073,27/12/2022,FC Union Berlin,R. Khedira,Mittelfeld,26,"1,86",75%,50%,1790000
32185,27/12/2022,FC Union Berlin,Öztunali,Mittelfeld,0,-,-,0%,280000
32251,27/12/2022,FC Union Berlin,Seguin,Mittelfeld,16,"2,29",77%,52%,540000
33661,27/12/2022,FC Union Berlin,Thorsby,Mittelfeld,15,"1,36",68%,44%,610000
32310,27/12/2022,FC Union Berlin,Haberer,Mittelfeld,40,"3,08",69%,39%,2450000
32324,27/12/2022,FC Union Berlin,Haraguchi,Mittelfeld,16,"2,00",81%,69%,570000
32532,27/12/2022,FC Union Berlin,Pantović,Mittelfeld,12,"1,50",69%,48%,560000
33411,27/12/2022,FC Union Berlin,Leweling,Sturm,6,"1,00",88%,41%,650000
33294,27/12/2022,FC Union Berlin,Maciejewski,Sturm,0,-,-,-,210000
32087,27/12/2022,FC Union Berlin,Michel,Sturm,31,"2,82",61%,40%,1390000
33616,27/12/2022,FC Union Berlin,Skarke,Sturm,0,"0,00",71%,27%,1910000
33641,27/12/2022,FC Union Berlin,Jordan,Sturm,48,"3,69",53%,44%,5990000
33135,27/12/2022,FC Union Berlin,S. Becker,Sturm,81,"5,40",69%,29%,8340000
33469,27/12/2022,FC Union Berlin,Behrens,Sturm,40,"2,67",63%,52%,2010000
33439,27/12/2022,SC Freiburg,Atubolu,Torwart,0,-,-,-,170000
32925,27/12/2022,SC Freiburg,Flekken,Torwart,55,"3,67",72%,86%,3630000
31881,27/12/2022,SC Freiburg,Uphoff,Torwart,0,-,-,-,190000
33461,27/12/2022,SC Freiburg,Sildillia,Abwehr,28,"2,00",75%,44%,1540000
33462,27/12/2022,SC Freiburg,Ezekwem,Abwehr,0,-,-,-,200000
32807,27/12/2022,SC Freiburg,Lienhart,Abwehr,43,"2,87",86%,67%,3720000
32597,27/12/2022,SC Freiburg,Kübler,Abwehr,31,"6,20",70%,51%,4030000
33541,27/12/2022,SC Freiburg,Siquet,Abwehr,1,"1,00",83%,75%,210000
32019,27/12/2022,SC Freiburg,C. Günter,Abwehr,40,"2,67",77%,38%,3390000
31910,27/12/2022,SC Freiburg,Ginter,Abwehr,74,"4,93",84%,66%,6820000
31751,27/12/2022,SC Freiburg,J. Schmid,Abwehr,0,-,-,-,410000
31453,27/12/2022,SC Freiburg,Gulde,Abwehr,4,"1,33",83%,50%,390000
32953,27/12/2022,SC Freiburg,K. Schlotterbeck,Abwehr,5,"2,50",100%,100%,2440000
33463,27/12/2022,SC Freiburg,Schade,Mittelfeld,13,"1,63",53%,50%,2140000
33576,27/12/2022,SC Freiburg,R. Wagner,Mittelfeld,0,"0,00",100%,0%,220000
33637,27/12/2022,SC Freiburg,Kyereh,Mittelfeld,17,"1,89",81%,43%,1720000
33458,27/12/2022,SC Freiburg,Weißhaupt ,Mittelfeld,12,"1,50",59%,53%,440000
33211,27/12/2022,SC Freiburg,Keitel,Mittelfeld,12,"1,33",83%,42%,640000
32398,27/12/2022,SC Freiburg,M. Eggestein,Mittelfeld,35,"2,69",79%,55%,2580000
31710,27/12/2022,SC Freiburg,Höfler,Mittelfeld,39,"2,60",85%,57%,3040000
33006,27/12/2022,SC Freiburg,Sallai,Mittelfeld,15,"2,14",76%,56%,2950000
33677,27/12/2022,SC Freiburg,Röhl,Mittelfeld,0,-,-,-,220000
32071,27/12/2022,SC Freiburg,Grifo,Mittelfeld,116,"7,73",80%,54%,16200000
31958,27/12/2022,SC Freiburg,Gregoritsch,Sturm,78,"5,20",56%,50%,9790000
33335,27/12/2022,SC Freiburg,Doan,Sturm,42,"2,80",74%,44%,5270000
32861,27/12/2022,SC Freiburg,Höler,Sturm,5,"0,71",59%,36%,3620000
33035,27/12/2022,SC Freiburg,Jeong,Sturm,21,"1,62",80%,39%,1220000
31395,27/12/2022,SC Freiburg,Petersen,Sturm,13,"1,30",50%,29%,740000
33494,27/12/2022,FC Köln,Urbig,Torwart,0,-,-,-,160000
31848,27/12/2022,FC Köln,T. Horn,Torwart,0,-,-,-,240000
32356,27/12/2022,FC Köln,Schwäbe,Torwart,12,"0,80",80%,100%,890000
33495,27/12/2022,FC Köln,Köbbing,Torwart,0,-,-,-,170000
33642,27/12/2022,FC Köln,Strauch,Abwehr,0,-,-,-,210000
33105,27/12/2022,FC Köln,Kilian,Abwehr,10,"0,77",86%,57%,900000
33632,27/12/2022,FC Köln,K. Pedersen,Abwehr,6,"1,20",75%,59%,280000
33688,27/12/2022,FC Köln,Smajić,Abwehr,0,-,-,-,210000
33552,27/12/2022,FC Köln,Chabot,Abwehr,10,"5,00",88%,58%,710000
33686,27/12/2022,FC Köln,Soldo,Abwehr,5,"1,00",78%,50%,490000
33051,27/12/2022,FC Köln,Schindler,Abwehr,12,"0,86",67%,53%,400000
32278,27/12/2022,FC Köln,Hector,Abwehr,45,"3,46",78%,69%,3720000
32744,27/12/2022,FC Köln,Hübers,Abwehr,22,"1,83",83%,57%,1700000
32628,27/12/2022,FC Köln,B. Schmitz,Abwehr,35,"2,50",63%,58%,1600000
32636,27/12/2022,FC Köln,Kainz,Mittelfeld,81,"5,79",73%,44%,9260000
33453,27/12/2022,FC Köln,Ljubičić,Mittelfeld,40,"4,44",82%,42%,4910000
33356,27/12/2022,FC Köln,Martel,Mittelfeld,19,"1,73",81%,54%,870000
33338,27/12/2022,FC Köln,Limnios,Mittelfeld,0,-,-,-,240000
33621,27/12/2022,FC Köln,Huseinbašić,Mittelfeld,20,"2,50",85%,39%,1870000
32668,27/12/2022,FC Köln,Duda,Mittelfeld,8,"0,62",78%,40%,920000
33157,27/12/2022,FC Köln,Skhiri,Mittelfeld,45,"3,21",89%,57%,4370000
32881,27/12/2022,FC Köln,Maina,Mittelfeld,30,"2,14",74%,40%,1860000
33562,27/12/2022,FC Köln,Olesen,Mittelfeld,5,"1,67",73%,60%,360000
33615,27/12/2022,FC Köln,Dietz,Sturm,13,"1,30",58%,42%,340000
33365,27/12/2022,FC Köln,Tigges,Sturm,35,"2,92",60%,44%,2530000
33270,27/12/2022,FC Köln,Lemperle,Sturm,1,"0,33",60%,17%,390000
33185,27/12/2022,FC Köln,Thielmann,Sturm,21,"2,10",69%,48%,1500000
33100,27/12/2022,FC Köln,S. Andersson,Sturm,0,-,-,-,290000
33077,27/12/2022,FC Köln,Adamyan,Sturm,17,"1,31",74%,27%,940000
31709,27/12/2022,FC Köln,Uth,Sturm,4,"1,33",83%,60%,1660000
33466,27/12/2022,FSV Mainz 05,Rieß,Torwart,0,-,-,-,160000
32364,27/12/2022,FSV Mainz 05,Zentner,Torwart,33,"2,20",48%,86%,1630000
32877,27/12/2022,FSV Mainz 05,Dahmen,Torwart,0,-,-,-,220000
33117,27/12/2022,FSV Mainz 05,E. Fernandes,Abwehr,30,"2,31",75%,54%,1550000
32989,27/12/2022,FSV Mainz 05,Aarón Martín,Abwehr,70,"4,67",83%,51%,5590000
33417,27/12/2022,FSV Mainz 05,Leitsch,Abwehr,13,"1,86",77%,67%,950000
31666,27/12/2022,FSV Mainz 05,Bell,Abwehr,25,"1,92",81%,48%,840000
32534,27/12/2022,FSV Mainz 05,A. Hack,Abwehr,17,"1,31",74%,54%,1300000
33478,27/12/2022,FSV Mainz 05,Widmer,Abwehr,36,"2,77",75%,57%,2650000
31762,27/12/2022,FSV Mainz 05,da Costa,Abwehr,12,"1,50",65%,50%,560000
33577,27/12/2022,FSV Mainz 05,Caci,Abwehr,27,"2,45",74%,47%,1130000
33477,27/12/2022,FSV Mainz 05,J. Lee,Mittelfeld,46,"3,07",77%,49%,2720000
33409,27/12/2022,FSV Mainz 05,Stach,Mittelfeld,51,"3,92",69%,60%,4800000
32992,27/12/2022,FSV Mainz 05,Barreiro,Mittelfeld,19,"1,58",70%,53%,1000000
33590,27/12/2022,FSV Mainz 05,E. Shabani,Mittelfeld,0,-,-,-,190000
32707,27/12/2022,FSV Mainz 05,Barkok,Mittelfeld,8,"1,33",82%,38%,350000
33654,27/12/2022,FSV Mainz 05,Fulgini,Mittelfeld,13,"0,93",82%,41%,600000
31959,27/12/2022,FSV Mainz 05,D. Kohr,Mittelfeld,42,"3,00",73%,52%,2210000
33578,27/12/2022,FSV Mainz 05,Weiper,Sturm,1,"1,00",100%,-,870000
33555,27/12/2022,FSV Mainz 05,Burgzorg,Sturm,9,"0,90",71%,31%,380000
33538,27/12/2022,FSV Mainz 05,Bobzien,Sturm,0,-,-,-,210000
33297,27/12/2022,FSV Mainz 05,Mustapha,Sturm,4,"1,00",53%,46%,230000
33124,27/12/2022,FSV Mainz 05,Ingvartsen,Sturm,33,"3,67",66%,34%,2320000
32948,27/12/2022,FSV Mainz 05,Burkardt,Sturm,27,"2,45",73%,42%,4390000
32544,27/12/2022,FSV Mainz 05,Onisiwo,Sturm,55,"3,67",62%,36%,4360000
33695,27/12/2022,FSV Mainz 05,Gruda,Sturm,0,-,-,-,290000
31310,27/12/2022,TSG Hoffenheim,Pentke,Torwart,0,-,-,-,180000
31489,27/12/2022,TSG Hoffenheim,Baumann,Torwart,45,"3,00",80%,100%,2830000
33397,27/12/2022,TSG Hoffenheim,Noll,Torwart,0,-,-,-,170000
33313,27/12/2022,TSG Hoffenheim,L. Philipp,Torwart,0,-,-,-,180000
33670,27/12/2022,TSG Hoffenheim,Quaresma,Abwehr,5,"1,67",88%,73%,370000
33669,27/12/2022,TSG Hoffenheim,Nsoki,Abwehr,9,"1,00",81%,52%,790000
33205,27/12/2022,TSG Hoffenheim,Angeliño,Abwehr,53,"3,79",70%,54%,5910000
33027,27/12/2022,TSG Hoffenheim,Lucas Ribeiro,Abwehr,0,-,-,-,220000
33026,27/12/2022,TSG Hoffenheim,Kabak,Abwehr,62,"4,43",85%,58%,5980000
33693,27/12/2022,TSG Hoffenheim,Quarshie,Abwehr,0,-,-,-,210000
32466,27/12/2022,TSG Hoffenheim,Kadeřábek,Abwehr,27,"2,08",70%,55%,1080000
31742,27/12/2022,TSG Hoffenheim,Bičakčić,Abwehr,0,-,-,-,370000
32162,27/12/2022,TSG Hoffenheim,Akpoguma,Abwehr,30,"2,31",79%,54%,1090000
31416,27/12/2022,TSG Hoffenheim,Vogt,Abwehr,34,"2,43",90%,47%,1950000
33580,27/12/2022,TSG Hoffenheim,F. Becker,Mittelfeld,0,-,-,-,240000
33437,27/12/2022,TSG Hoffenheim,Stiller,Mittelfeld,17,"1,89",78%,64%,950000
31349,27/12/2022,TSG Hoffenheim,Rudy,Mittelfeld,16,"1,60",79%,46%,560000
33673,27/12/2022,TSG Hoffenheim,Damar,Mittelfeld,4,"1,00",81%,32%,340000
33504,27/12/2022,TSG Hoffenheim,Bischof,Mittelfeld,1,"1,00",75%,0%,310000
32680,27/12/2022,TSG Hoffenheim,Geiger,Mittelfeld,45,"3,21",86%,46%,3500000
33158,27/12/2022,TSG Hoffenheim,Skov,Mittelfeld,53,"3,79",72%,45%,4390000
32492,27/12/2022,TSG Hoffenheim,Prömel,Mittelfeld,32,"2,46",78%,52%,1990000
32977,27/12/2022,TSG Hoffenheim,Baumgartner,Mittelfeld,61,"4,07",73%,41%,6870000
33191,27/12/2022,TSG Hoffenheim,Dabbur,Sturm,39,"3,90",76%,33%,4200000
33536,27/12/2022,TSG Hoffenheim,Asllani,Sturm,1,"0,33",62%,33%,770000
32553,27/12/2022,TSG Hoffenheim,Kramarić,Sturm,41,"2,93",81%,47%,8300000
32842,27/12/2022,TSG Hoffenheim,Bebou,Sturm,0,-,-,-,4120000
32756,27/12/2022,TSG Hoffenheim,Bruun Larsen,Sturm,11,"1,10",77%,33%,710000
33377,27/12/2022,TSG Hoffenheim,Rutter,Sturm,32,"2,13",64%,39%,4530000
33692,27/12/2022,Borussioa M'Gladbach,Brüll,Torwart,0,-,-,-,160000
32306,27/12/2022,Borussioa M'Gladbach,Sommer,Torwart,44,"4,40",81%,67%,4720000
33306,27/12/2022,Borussioa M'Gladbach,Olschowsky,Torwart,8,"4,00",75%,0%,1640000
31618,27/12/2022,Borussioa M'Gladbach,Sippel,Torwart,-2,"-0,67",63%,67%,390000
33691,27/12/2022,Borussioa M'Gladbach,Dimmer,Torwart,0,-,-,-,170000
33319,27/12/2022,Borussioa M'Gladbach,Netz,Abwehr,3,"0,75",69%,53%,650000
33592,27/12/2022,Borussioa M'Gladbach,Itakura,Abwehr,12,"2,40",91%,52%,5470000
33258,27/12/2022,Borussioa M'Gladbach,Scally,Abwehr,24,"1,60",77%,68%,1440000
33167,27/12/2022,Borussioa M'Gladbach,Bensebaini,Abwehr,87,"6,21",77%,62%,8720000
33128,27/12/2022,Borussioa M'Gladbach,Lainer,Abwehr,0,"0,00",68%,33%,510000
32634,27/12/2022,Borussioa M'Gladbach,Doucouré,Abwehr,0,-,-,-,190000
31380,27/12/2022,Borussioa M'Gladbach,Jantschke,Abwehr,4,"2,00",89%,67%,240000
32472,27/12/2022,Borussioa M'Gladbach,Elvedi,Abwehr,50,"3,85",92%,74%,4590000
32311,27/12/2022,Borussioa M'Gladbach,M. Friedrich,Abwehr,30,"2,50",86%,72%,1850000
32931,27/12/2022,Borussioa M'Gladbach,Neuhaus,Mittelfeld,13,"2,17",75%,38%,6720000
33636,27/12/2022,Borussioa M'Gladbach,Fraulo,Mittelfeld,0,-,-,-,220000
33526,27/12/2022,Borussioa M'Gladbach,Noß,Mittelfeld,0,-,-,-,190000
33450,27/12/2022,Borussioa M'Gladbach,Koné,Mittelfeld,40,"2,86",87%,56%,4510000
33353,27/12/2022,Borussioa M'Gladbach,Reitz,Mittelfeld,0,-,100%,-,210000
32080,27/12/2022,Borussioa M'Gladbach,Hofmann,Mittelfeld,88,"6,77",79%,46%,14770000
32159,27/12/2022,Borussioa M'Gladbach,Kramer,Mittelfeld,9,"0,64",84%,42%,1090000
32447,27/12/2022,Borussioa M'Gladbach,Weigl,Mittelfeld,28,"2,55",88%,69%,3790000
33075,27/12/2022,Borussioa M'Gladbach,H. Wolf,Mittelfeld,2,"1,00",71%,63%,560000
32944,27/12/2022,Borussioa M'Gladbach,Müsel,Sturm,0,-,-,-,190000
33681,27/12/2022,Borussioa M'Gladbach,Ngoumou,Sturm,4,"0,67",71%,44%,590000
32968,27/12/2022,Borussioa M'Gladbach,Pléa,Sturm,50,"4,55",72%,42%,9520000
33618,27/12/2022,Borussioa M'Gladbach,Borges Sanches,Sturm,4,"1,33",83%,50%,280000
31596,27/12/2022,Borussioa M'Gladbach,P. Herrmann,Sturm,18,"2,25",69%,41%,730000
33152,27/12/2022,Borussioa M'Gladbach,Thuram,Sturm,92,"6,13",74%,45%,13230000
31243,27/12/2022,Borussioa M'Gladbach,Stindl,Sturm,34,"3,09",79%,38%,5080000
33698,27/12/2022,Eintrach Frankfurt,Simoni,Torwart,0,-,-,-,560000
33440,27/12/2022,Eintrach Frankfurt,Ramaj,Torwart,0,-,-,-,180000
31621,27/12/2022,Eintrach Frankfurt,Trapp,Torwart,22,"1,47",60%,100%,2440000
31458,27/12/2022,Eintrach Frankfurt,Grahl,Torwart,0,-,-,-,420000
31220,27/12/2022,Eintrach Frankfurt,Hasebe,Abwehr,9,"2,25",85%,67%,650000
33613,27/12/2022,Eintrach Frankfurt,Smolčić,Abwehr,9,"2,25",77%,87%,1300000
33094,27/12/2022,Eintrach Frankfurt,C. Lenz,Abwehr,27,"3,00",81%,55%,1890000
33031,27/12/2022,Eintrach Frankfurt,Touré,Abwehr,4,"2,00",81%,71%,880000
33029,27/12/2022,Eintrach Frankfurt,Tuta,Abwehr,30,"2,00",81%,45%,1750000
32963,27/12/2022,Eintrach Frankfurt,N'Dicka,Abwehr,33,"2,20",86%,55%,2910000
33620,27/12/2022,Eintrach Frankfurt,Buta,Abwehr,0,-,-,-,860000
33646,27/12/2022,Eintrach Frankfurt,Schröder,Abwehr,0,-,-,-,200000
32743,27/12/2022,Eintrach Frankfurt,Onguéné,Abwehr,0,-,-,-,380000
33675,27/12/2022,Eintrach Frankfurt,Pellegrini,Abwehr,30,"3,33",73%,56%,1850000
33678,27/12/2022,Eintrach Frankfurt,Dina Ebimbe,Mittelfeld,29,"2,90",72%,48%,3820000
33696,27/12/2022,Eintrach Frankfurt,Aaronson,Mittelfeld,0,-,-,-,3580000
33585,27/12/2022,Eintrach Frankfurt,Loune,Mittelfeld,0,-,-,-,200000
33581,27/12/2022,Eintrach Frankfurt,Wenig,Mittelfeld,0,-,90%,-,180000
33517,27/12/2022,Eintrach Frankfurt,Jakić,Mittelfeld,32,"2,29",77%,49%,1830000
33480,27/12/2022,Eintrach Frankfurt,Lindstrøm,Mittelfeld,54,"3,86",70%,35%,7920000
31671,27/12/2022,Eintrach Frankfurt,Rode,Mittelfeld,40,"3,33",87%,53%,3030000
31743,27/12/2022,Eintrach Frankfurt,Chandler,Mittelfeld,2,"0,67",61%,60%,180000
32653,27/12/2022,Eintrach Frankfurt,Sow,Mittelfeld,50,"3,33",86%,59%,4010000
32792,27/12/2022,Eintrach Frankfurt,Kamada,Mittelfeld,75,"5,77",84%,45%,11040000
31572,27/12/2022,Eintrach Frankfurt,M. Götze,Mittelfeld,61,"4,07",78%,44%,8880000
33383,27/12/2022,Eintrach Frankfurt,Knauff,Mittelfeld,22,"2,00",65%,52%,2980000
33586,27/12/2022,Eintrach Frankfurt,Nacho Ferri,Sturm,0,-,-,-,240000
33472,27/12/2022,Eintrach Frankfurt,Borré,Sturm,24,"1,71",77%,40%,1750000
33584,27/12/2022,Eintrach Frankfurt,Kolo Muani,Sturm,59,"4,21",66%,39%,12380000
33583,27/12/2022,Eintrach Frankfurt,Alidou,Sturm,7,"0,88",78%,32%,430000
32840,27/12/2022,Eintrach Frankfurt,Lucas Alario,Sturm,16,"2,29",70%,38%,1420000
31866,27/12/2022,VfL Wolfsburg,Casteels,Torwart,58,"3,87",74%,100%,3990000
32949,27/12/2022,VfL Wolfsburg,Pervan,Torwart,0,-,-,-,350000
33154,27/12/2022,VfL Wolfsburg,Klinger,Torwart,0,-,-,-,170000
33488,27/12/2022,VfL Wolfsburg,Schulze,Torwart,0,-,-,-,170000
33164,27/12/2022,VfL Wolfsburg,Bornauw,Abwehr,17,"1,70",82%,45%,1430000
33674,27/12/2022,VfL Wolfsburg,Lange,Abwehr,0,-,-,-,190000
33325,27/12/2022,VfL Wolfsburg,Lacroix,Abwehr,28,"3,11",87%,57%,2070000
33524,27/12/2022,VfL Wolfsburg,van de Ven,Abwehr,40,"2,67",89%,61%,2920000
33625,27/12/2022,VfL Wolfsburg,Fischer,Abwehr,2,"0,67",76%,44%,530000
33120,27/12/2022,VfL Wolfsburg,Paulo Otávio,Abwehr,49,"3,77",76%,58%,4100000
32988,27/12/2022,VfL Wolfsburg,Roussillon,Abwehr,2,"1,00",50%,20%,310000
32889,27/12/2022,VfL Wolfsburg,Baku,Abwehr,62,"4,13",79%,52%,6970000
31884,27/12/2022,VfL Wolfsburg,Arnold,Mittelfeld,97,"6,47",81%,66%,12230000
33498,27/12/2022,VfL Wolfsburg,F. Nmecha,Mittelfeld,45,"3,46",70%,63%,4120000
33639,27/12/2022,VfL Wolfsburg,Franjić,Mittelfeld,8,"2,67",77%,65%,560000
32280,27/12/2022,VfL Wolfsburg,Gerhardt,Mittelfeld,30,"3,33",75%,37%,2130000
32373,27/12/2022,VfL Wolfsburg,Guilavogui,Mittelfeld,21,"2,33",79%,48%,1710000
33658,27/12/2022,VfL Wolfsburg,Svanberg,Mittelfeld,19,"1,36",72%,48%,880000
33553,27/12/2022,VfL Wolfsburg,Paredes,Mittelfeld,10,"1,43",78%,50%,570000
33657,27/12/2022,VfL Wolfsburg,Pejčinović,Sturm,0,-,-,-,290000
33607,27/12/2022,VfL Wolfsburg,J. Kaminski,Sturm,8,"0,62",73%,34%,1280000
33559,27/12/2022,VfL Wolfsburg,Wind,Sturm,14,"2,80",68%,65%,5390000
32206,27/12/2022,VfL Wolfsburg,Waldschmidt,Sturm,6,"1,00",76%,41%,5390000
33507,27/12/2022,VfL Wolfsburg,P. Wimmer,Sturm,25,"3,13",63%,40%,3730000
32269,27/12/2022,VfL Wolfsburg,M. Philipp,Sturm,6,"2,00",76%,67%,1250000
32606,27/12/2022,VfL Wolfsburg,Brekalo,Sturm,8,"1,33",74%,36%,490000
33160,27/12/2022,VfL Wolfsburg,L. Nmecha,Sturm,43,"3,58",65%,58%,5120000
33217,27/12/2022,VfL Wolfsburg,Marmoush,Sturm,21,"1,50",66%,42%,2190000
33685,27/12/2022,VfL Bochum,Johansson,Torwart,0,-,-,-,170000
33415,27/12/2022,VfL Bochum,Grave,Torwart,0,-,-,-,170000
33414,27/12/2022,VfL Bochum,Riemann,Torwart,41,"2,73",59%,78%,2420000
32639,27/12/2022,VfL Bochum,Esser,Torwart,0,-,-,-,190000
31882,27/12/2022,VfL Bochum,Heintz,Abwehr,-1,"-0,25",89%,43%,390000
33667,27/12/2022,VfL Bochum,Tolba,Abwehr,0,-,-,-,190000
33653,27/12/2022,VfL Bochum,Ordets,Abwehr,21,"1,50",73%,62%,780000
33638,27/12/2022,VfL Bochum,Janko,Abwehr,0,"0,00",81%,46%,200000
33630,27/12/2022,VfL Bochum,Oermann,Abwehr,-2,"-0,50",78%,43%,240000
33422,27/12/2022,VfL Bochum,Gamboa,Abwehr,27,"1,80",68%,61%,1050000
33420,27/12/2022,VfL Bochum,Mašović,Abwehr,16,"1,45",84%,53%,360000
33419,27/12/2022,VfL Bochum,Lampropoulos,Abwehr,5,"0,83",68%,55%,310000
32570,27/12/2022,VfL Bochum,J. Horn,Abwehr,1,"0,50",81%,67%,500000
32150,27/12/2022,VfL Bochum,Stafylidis,Abwehr,19,"2,38",80%,62%,1070000
32428,27/12/2022,VfL Bochum,Danilo Soares,Abwehr,16,"1,60",73%,61%,1570000
33635,27/12/2022,VfL Bochum,Osei-Tutu,Mittelfeld,12,"1,00",76%,49%,370000
33424,27/12/2022,VfL Bochum,Losilla,Mittelfeld,25,"1,67",71%,51%,1100000
33242,27/12/2022,VfL Bochum,Förster,Mittelfeld,29,"2,64",80%,49%,840000
33156,27/12/2022,VfL Bochum,Osterhage,Mittelfeld,4,"0,40",67%,33%,400000
31985,27/12/2022,VfL Bochum,Stöger,Mittelfeld,56,"4,00",75%,48%,4810000
33631,27/12/2022,VfL Bochum,Góralski,Mittelfeld,4,"1,33",78%,60%,260000
32626,27/12/2022,VfL Bochum,Holtmann,Sturm,32,"2,46",70%,40%,1080000
33676,27/12/2022,VfL Bochum,Mousset,Sturm,0,-,-,-,260000
33430,27/12/2022,VfL Bochum,Bonga,Sturm,0,-,-,-,190000
33429,27/12/2022,VfL Bochum,Ganvoula,Sturm,13,"1,63",58%,52%,410000
32790,27/12/2022,VfL Bochum,Asano,Sturm,3,"0,60",82%,34%,1580000
33061,27/12/2022,VfL Bochum,Antwi-Adjei,Sturm,34,"3,40",67%,32%,2210000
31957,27/12/2022,VfL Bochum,P. Hofmann,Sturm,62,"4,13",61%,51%,4750000
32330,27/12/2022,VfL Bochum,Zoller,Sturm,37,"2,64",62%,38%,1780000
33012,27/12/2022,FC Augsburg,Leneis,Torwart,0,-,-,-,160000
32684,27/12/2022,FC Augsburg,Gikiewicz,Torwart,49,"4,45",61%,100%,3010000
33162,27/12/2022,FC Augsburg,Koubek,Torwart,10,"2,50",61%,100%,340000
33298,27/12/2022,FC Augsburg,Klein,Torwart,0,-,-,-,160000
32171,27/12/2022,FC Augsburg,Framberger,Abwehr,1,"0,33",35%,54%,220000
33129,27/12/2022,FC Augsburg,Iago,Abwehr,12,"0,92",63%,42%,860000
32801,27/12/2022,FC Augsburg,Uduokhai,Abwehr,10,"1,43",73%,45%,1690000
32789,27/12/2022,FC Augsburg,Oxford,Abwehr,6,"2,00",57%,59%,2370000
33134,27/12/2022,FC Augsburg,M. Pedersen,Abwehr,21,"1,75",70%,48%,590000
33587,27/12/2022,FC Augsburg,Zehnter,Abwehr,0,-,-,-,230000
33452,27/12/2022,FC Augsburg,Winther,Abwehr,2,"2,00",65%,54%,250000
33403,27/12/2022,FC Augsburg,M. Bauer,Abwehr,18,"1,29",72%,61%,570000
32549,27/12/2022,FC Augsburg,Gouweleeuw,Abwehr,29,"2,07",66%,56%,1300000
33332,27/12/2022,FC Augsburg,Gumny,Abwehr,23,"2,09",61%,45%,650000
33398,27/12/2022,FC Augsburg,Petkov,Mittelfeld,4,"0,67",52%,35%,220000
33127,27/12/2022,FC Augsburg,Vargas,Mittelfeld,20,"1,82",53%,49%,1570000
31571,27/12/2022,FC Augsburg,D. Caligiuri,Mittelfeld,17,"2,13",63%,42%,790000
32956,27/12/2022,FC Augsburg,Jensen,Mittelfeld,22,"2,00",60%,37%,530000
32817,27/12/2022,FC Augsburg,Rexhbecaj,Mittelfeld,18,"1,29",60%,58%,800000
31838,27/12/2022,FC Augsburg,Baumgartlinger,Mittelfeld,7,"1,17",85%,52%,540000
32738,27/12/2022,FC Augsburg,A. Maier,Mittelfeld,14,"1,40",77%,43%,830000
32603,27/12/2022,FC Augsburg,Dorsch,Mittelfeld,0,-,-,-,3590000
31915,27/12/2022,FC Augsburg,Strobl,Mittelfeld,0,-,-,-,190000
32255,27/12/2022,FC Augsburg,Carlos Gruezo,Mittelfeld,22,"1,69",74%,57%,660000
32096,27/12/2022,FC Augsburg,Hahn,Sturm,21,"3,00",47%,48%,650000
32465,27/12/2022,FC Augsburg,Niederlechner,Sturm,49,"3,50",61%,42%,4500000
33311,27/12/2022,FC Augsburg,Demirović,Sturm,56,"3,73",47%,37%,4460000
32572,27/12/2022,FC Augsburg,Sarenren-Bazee,Sturm,0,-,-,-,250000
32806,27/12/2022,FC Augsburg,Sergio Córdova,Sturm,0,-,-,-,250000
33683,27/12/2022,FC Augsburg,Berisha,Sturm,35,"3,50",51%,35%,3320000
33689,27/12/2022,VfB Stuttgart,Glaus,Torwart,0,-,-,-,160000
33527,27/12/2022,VfB Stuttgart,Schock,Torwart,0,-,-,-,170000
32656,27/12/2022,VfB Stuttgart,F. Müller,Torwart,22,"1,47",80%,100%,890000
32891,27/12/2022,VfB Stuttgart,Bredlow,Torwart,0,-,-,-,200000
33496,27/12/2022,VfB Stuttgart,Ito,Abwehr,33,"2,54",82%,49%,1830000
33308,27/12/2022,VfB Stuttgart,Mavropanos,Abwehr,81,"6,23",80%,66%,8230000
32452,27/12/2022,VfB Stuttgart,Anton,Abwehr,42,"2,80",82%,56%,2240000
33017,27/12/2022,VfB Stuttgart,Aidonis,Abwehr,0,-,-,-,200000
32919,27/12/2022,VfB Stuttgart,B. Sosa,Abwehr,46,"3,83",79%,54%,5850000
32880,27/12/2022,VfB Stuttgart,Vagnoman,Abwehr,4,"0,50",78%,50%,1020000
32526,27/12/2022,VfB Stuttgart,Stenzel,Abwehr,18,"2,25",76%,65%,380000
32773,27/12/2022,VfB Stuttgart,Zagadou,Abwehr,11,"1,83",84%,50%,2160000
33666,27/12/2022,VfB Stuttgart,Ulrich,Mittelfeld,1,"1,00",100%,100%,330000
33510,27/12/2022,VfB Stuttgart,Millot,Mittelfeld,17,"1,70",84%,44%,670000
33347,27/12/2022,VfB Stuttgart,Ahamada,Mittelfeld,35,"2,33",86%,49%,2150000
33253,27/12/2022,VfB Stuttgart,Egloff,Mittelfeld,14,"1,75",61%,60%,610000
33247,27/12/2022,VfB Stuttgart,Silas,Mittelfeld,30,"2,14",79%,41%,4560000
32830,27/12/2022,VfB Stuttgart,Nartey,Mittelfeld,3,"1,50",77%,60%,290000
33241,27/12/2022,VfB Stuttgart,W. Endo,Mittelfeld,58,"4,14",76%,60%,6510000
32858,27/12/2022,VfB Stuttgart,Führich,Mittelfeld,45,"3,21",80%,51%,3630000
33085,27/12/2022,VfB Stuttgart,Karazor,Mittelfeld,24,"2,40",84%,63%,1010000
33652,27/12/2022,VfB Stuttgart,Perea,Sturm,7,"0,88",84%,36%,340000
33588,27/12/2022,VfB Stuttgart,Kastanaras,Sturm,0,"0,00",100%,0%,240000
33557,27/12/2022,VfB Stuttgart,Tiago Tomás,Sturm,35,"2,69",62%,44%,3200000
33072,27/12/2022,VfB Stuttgart,Pfeiffer,Sturm,5,"0,45",62%,43%,740000
32667,27/12/2022,VfB Stuttgart,Guirassy,Sturm,39,"3,90",68%,55%,5680000
33445,27/12/2022,VfB Stuttgart,Kuol,Sturm,0,-,-,-,200000
33245,27/12/2022,VfB Stuttgart,T. Coulibaly,Sturm,3,"3,00",80%,100%,850000
33627,27/12/2022,Hertha BSC,Kwasigroch,Torwart,0,-,-,-,160000
33513,27/12/2022,Hertha BSC,Christensen,Torwart,33,"2,20",67%,73%,1470000
33563,27/12/2022,Hertha BSC,Ernst,Torwart,0,-,-,-,170000
33119,27/12/2022,Hertha BSC,Kenny,Abwehr,38,"2,53",75%,55%,1890000
33566,27/12/2022,Hertha BSC,Eitschberger,Abwehr,0,-,-,-,190000
33617,27/12/2022,Hertha BSC,Uremović,Abwehr,7,"1,00",82%,57%,490000
33329,27/12/2022,Hertha BSC,M. Dárdai,Abwehr,7,"1,17",61%,60%,500000
32509,27/12/2022,Hertha BSC,Mittelstädt,Abwehr,15,"2,50",80%,54%,1620000
33684,27/12/2022,Hertha BSC,Agustín Rogel,Abwehr,12,"1,50",77%,55%,870000
32049,27/12/2022,Hertha BSC,Kempf,Abwehr,53,"3,53",78%,61%,3790000
31740,27/12/2022,Hertha BSC,Plattenhardt,Abwehr,30,"2,31",75%,54%,1310000
31399,27/12/2022,Hertha BSC,Pekarik,Abwehr,1,"1,00",75%,0%,210000
33316,27/12/2022,Hertha BSC,Zeefuik,Abwehr,0,-,-,-,200000
33650,27/12/2022,Hertha BSC,Šunjić,Mittelfeld,22,"1,69",77%,54%,1090000
30764,27/12/2022,Hertha BSC,K. Boateng,Mittelfeld,-2,"-0,29",84%,15%,220000
33267,27/12/2022,Hertha BSC,Tousart,Mittelfeld,39,"2,79",66%,54%,2100000
33001,27/12/2022,Hertha BSC,Boëtius,Mittelfeld,14,"1,40",74%,53%,1160000
32527,27/12/2022,Hertha BSC,Serdar,Mittelfeld,47,"3,36",73%,53%,3550000
33500,27/12/2022,Hertha BSC,Jovetić,Sturm,25,"3,13",62%,50%,1720000
32229,27/12/2022,Hertha BSC,Selke,Sturm,26,"2,17",60%,46%,1630000
33668,27/12/2022,Hertha BSC,Kanga,Sturm,35,"2,50",65%,42%,2800000
33655,27/12/2022,Hertha BSC,Ejuke,Sturm,27,"1,80",82%,44%,1200000
33629,27/12/2022,Hertha BSC,Scherhant,Sturm,1,"0,50",71%,25%,480000
32733,27/12/2022,Hertha BSC,Richter,Sturm,43,"3,58",69%,44%,3360000
32983,27/12/2022,Hertha BSC,Lukébakio,Sturm,79,"5,27",73%,43%,7520000
33214,27/12/2022,Hertha BSC,Ngankam,Sturm,0,-,-,-,760000
33561,27/12/2022,Hertha BSC,Nsona,Sturm,0,-,-,-,190000
33519,27/12/2022,Hertha BSC,Maolida,Sturm,-1,"-0,50",38%,18%,220000
33697,27/12/2022,Hertha BSC,Aksakal,Sturm,0,-,-,-,190000
30844,27/12/2022,FC Schalke 04,Langer,Torwart,0,-,-,-,180000
33623,27/12/2022,FC Schalke 04,Heekeren,Torwart,0,-,-,-,220000
31774,27/12/2022,FC Schalke 04,Schwolow,Torwart,26,"1,73",60%,83%,1010000
30988,27/12/2022,FC Schalke 04,Fährmann,Torwart,0,-,-,-,270000
33395,27/12/2022,FC Schalke 04,Matriciani,Abwehr,16,"2,00",75%,61%,780000
33226,27/12/2022,FC Schalke 04,Brunner,Abwehr,23,"1,92",74%,47%,1070000
33384,27/12/2022,FC Schalke 04,Aydin,Abwehr,9,"1,29",66%,48%,290000
33593,27/12/2022,FC Schalke 04,Greiml,Abwehr,2,"0,50",82%,42%,350000
33595,27/12/2022,FC Schalke 04,I. Cissé,Abwehr,0,-,-,-,300000
33596,27/12/2022,FC Schalke 04,Ouwejan,Abwehr,25,"2,50",69%,58%,1530000
32745,27/12/2022,FC Schalke 04,M. Kaminski,Abwehr,3,"3,00",81%,0%,490000
32717,27/12/2022,FC Schalke 04,Kolodziejczak,Abwehr,1,"1,00",85%,0%,360000
33651,27/12/2022,FC Schalke 04,Yoshida,Abwehr,37,"2,47",79%,67%,1950000
33682,27/12/2022,FC Schalke 04,van den Berg,Abwehr,7,"1,75",83%,45%,910000
33326,27/12/2022,FC Schalke 04,Tauer,Abwehr,2,"0,67",87%,44%,1250000
33622,27/12/2022,FC Schalke 04,Mollet,Mittelfeld,12,"1,33",79%,30%,670000
33656,27/12/2022,FC Schalke 04,Král,Mittelfeld,19,"1,58",70%,51%,1190000
33301,27/12/2022,FC Schalke 04,Zalazar,Mittelfeld,11,"1,38",67%,44%,2050000
33283,27/12/2022,FC Schalke 04,Mohr,Mittelfeld,33,"3,00",67%,45%,1490000
33130,27/12/2022,FC Schalke 04,Krauß,Mittelfeld,45,"3,00",75%,55%,2660000
33087,27/12/2022,FC Schalke 04,Drexler,Mittelfeld,18,"1,50",67%,43%,900000
33040,27/12/2022,FC Schalke 04,Boujellab,Mittelfeld,0,-,-,-,240000
31392,27/12/2022,FC Schalke 04,Latza,Mittelfeld,7,"0,78",74%,40%,320000
31110,27/12/2022,FC Schalke 04,Terodde,Sturm,44,"2,93",67%,36%,3430000
33672,27/12/2022,FC Schalke 04,Larsson,Sturm,9,"1,00",74%,41%,460000
31479,27/12/2022,FC Schalke 04,Polter,Sturm,27,"1,93",58%,42%,810000
32190,27/12/2022,FC Schalke 04,Karaman,Sturm,1,"0,11",69%,45%,420000
33139,27/12/2022,FC Schalke 04,Bülter,Sturm,33,"2,20",68%,41%,1540000
33694,27/12/2022,FC Schalke 04,S. Sané,Sturm,0,-,-,-,510000
33665,27/12/2022,SV Werder Bremen,Lord,Torwart,0,-,-,-,170000
33647,27/12/2022,SV Werder Bremen,Backhaus,Torwart,0,-,-,-,160000
33331,27/12/2022,SV Werder Bremen,Dudu ,Torwart,0,-,-,-,170000
32799,27/12/2022,SV Werder Bremen,Pavlenka,Torwart,35,"2,33",67%,63%,1890000
32408,27/12/2022,SV Werder Bremen,Zetterer,Torwart,5,"5,00",54%,100%,190000
33288,27/12/2022,SV Werder Bremen,Agu,Abwehr,-2,"-0,67",74%,38%,180000
33224,27/12/2022,SV Werder Bremen,Pieper,Abwehr,31,"2,38",78%,68%,2040000
31929,27/12/2022,SV Werder Bremen,M. Weiser,Abwehr,60,"4,00",71%,51%,5010000
33601,27/12/2022,SV Werder Bremen,Chiarodia,Abwehr,1,"1,00",0%,100%,310000
32935,27/12/2022,SV Werder Bremen,Mbom,Abwehr,0,-,-,-,210000
32754,27/12/2022,SV Werder Bremen,Friedl,Abwehr,32,"2,29",83%,60%,2470000
33649,27/12/2022,SV Werder Bremen,Buchanan,Abwehr,22,"2,44",73%,44%,670000
32579,27/12/2022,SV Werder Bremen,A. Jung,Abwehr,44,"2,93",79%,53%,2090000
32562,27/12/2022,SV Werder Bremen,Veljković,Abwehr,42,"3,50",81%,61%,2960000
32412,27/12/2022,SV Werder Bremen,Rapp,Abwehr,5,"0,83",79%,42%,240000
32120,27/12/2022,SV Werder Bremen,N. Stark,Abwehr,25,"2,78",82%,55%,1320000
33640,27/12/2022,SV Werder Bremen,Stage,Mittelfeld,16,"1,23",63%,51%,740000
33604,27/12/2022,SV Werder Bremen,Salifou,Mittelfeld,0,-,-,-,230000
31519,27/12/2022,SV Werder Bremen,C. Groß,Mittelfeld,21,"1,62",82%,44%,890000
33110,27/12/2022,SV Werder Bremen,R. Schmid,Mittelfeld,19,"1,36",77%,44%,690000
33043,27/12/2022,SV Werder Bremen,Gruev,Mittelfeld,21,"1,62",87%,43%,1020000
31932,27/12/2022,SV Werder Bremen,Bittencourt,Mittelfeld,27,"2,70",77%,45%,2240000
32652,27/12/2022,SV Werder Bremen,N. Schmidt,Mittelfeld,20,"3,33",78%,58%,530000
33364,27/12/2022,SV Werder Bremen,Dinkçi,Sturm,5,"1,67",53%,64%,330000
32694,27/12/2022,SV Werder Bremen,Burke,Sturm,27,"2,08",71%,33%,1150000
31916,27/12/2022,SV Werder Bremen,Füllkrug,Sturm,97,"6,93",62%,50%,13680000
32202,27/12/2022,SV Werder Bremen,Ducksch,Sturm,71,"4,73",72%,46%,8090000
